"Word","Freq"
"shall",1319
"city",669
"feet",606
"use",544
"zoning",543
"ordinance",519
"uses",448
"district",443
"building",404
"parking",399
"lot",379
"jackson",374
"residential",373
"may",339
"street",315
"area",306
"permitted",289
"minimum",276
"plan",275
"site",275
"development",268
"one",260
"commercial",249
"property",244
"public",237
"yard",236
"structures",235
"page",231
"within",226
"side",225
"november",218
"located",211
"-a",208
"areas",200
"provided",189
"land",185
"buildings",179
"required",179
"front",178
"space",176
"line",174
"rear",171
"regulations",171
"height",169
"accessory",168
"review",168
"planning",163
"used",150
"structure",146
"will",136
"existing",135
"square",135
"adjacent",130
"facilities",130
"following",129
"lots",124
"dwelling",122
"include",121
"open",121
"provide",120
"single-family",120
"business",119
"including",119
"r-",119
"council",118
"except",117
"neighborhood",117
"five",116
"permit",115
"design",114
"purpose",114
"proposed",113
"storage",111
"maximum",110
"permits",110
"provisions",109
"requirements",109
"accordance",107
"board",107
"must",107
"owner",106
"general",105
"districts",103
"special",103
"setback",100
"principal",98
"location",97
"administrator",96
"article",96
"floor",96
"less",96
"new",93
"access",90
"retail",87
"two",87
"time",85
"care",84
"hearing",82
"service",82
"spaces",82
"center",81
"outdoor",81
"limited",80
"width",80
"approval",79
"committee",79
"state",79
"subject",79
"least",78
"units",78
"application",77
"detached",77
"percent",77
"housing",76
"industrial",74
"services",74
"standards",74
"store",74
"established",73
"overlay",73
"department",72
"adult",71
"facility",71
"fifty",71
"hundred",71
"materials",71
"fifteen",70
"food",66
"ten",66
"type",66
"home",65
"corner",64
"dwellings",64
"health",64
"depth",63
"unit",63
"upon",63
"centers",62
"change",62
"defined",62
"landscaping",62
"office",62
"pedestrian",62
"mississippi",61
"similar",61
"construction",60
"private",60
"twenty-five",60
"yards",60
"zoned",60
"living",59
"map",59
"also",58
"days",58
"notice",58
"streets",58
"establishment",57
"section",57
"gross",56
"approved",55
"community",55
"off-street",55
"parcel",55
"per",55
"see",55
"common",54
"way",54
"changes",53
"mobile",53
"part",53
"restaurant",53
"six",53
"thousand",53
"bed",52
"designed",52
"sale",52
"stores",52
"",52
"exceed",51
"mixed",51
"applicant",50
"guidelines",50
"plans",50
"rezoning",50
"c-",49
"first",49
"park",49
"recreational",49
"three",49
"vehicles",49
"adopted",48
"breakfast",48
"fence",48
"procedures",48
"record",48
"regulated",48
"shared",48
"high",47
"liquor",47
"wall",47
"along",46
"lines",46
"multi-family",46
"sign",46
"architectural",45
"display",45
"lighting",45
"owners",45
"prior",45
"purposes",45
"related",45
"set",45
"twenty",45
"code",44
"exceptions",44
"however",44
"official",44
"signs",44
"size",44
"density",43
"exterior",43
"intent",43
"light",43
"personal",43
"residents",43
"subdistrict",43
"tax",43
"class",42
"features",42
"single",42
"-b",41
"activities",41
"landscaped",41
"request",41
"restaurants",41
"said",41
"sales",41
"case",40
"date",40
"exception",40
"properties",40
"right-of",40
"schools",40
"sites",40
"clerk",39
"compatible",39
"historic",39
"sidewalks",39
"character",38
"number",38
"small",38
"acre",37
"combination",37
"conditions",37
"intended",37
"listed",37
"mixed-use",37
"require",37
"specific",37
"types",37
"vehicle",37
"developments",36
"drive",36
"inn",36
"landscape",36
"members",36
"primary",36
"allowed",35
"bicycle",35
"comply",35
"considered",35
"equipment",35
"period",35
"place",35
"shopping",35
"surrounding",35
"tnd",35
"appeal",34
"apply",34
"capitol",34
"day",34
"driveways",34
"either",34
"herein",34
"ms",34
"north",34
"school",34
"serve",34
"subdivision",34
"windows",34
"without",34
"abutting",33
"automobile",33
"body",33
"boundaries",33
"ground",33
"ownership",33
"procedure",33
"providing",33
"staff",33
"tobacco",33
"total",33
"trees",33
"vehicular",33
"water",33
"communication",32
"excluding",32
"face",32
"maintained",32
"medical",32
"non-conforming",32
"residence",32
"sixty",32
"specified",32
"comprehensive",31
"house",31
"loading",31
"maintenance",31
"manufactured",31
"mayor",31
"meeting",31
"merchandise",31
"offices",31
"premises",31
"sidewalk",31
"church",30
"coverage",30
"enclosed",30
"garages",30
"greater",30
"homes",30
"individual",30
"licensed",30
"master",30
"meet",30
"person",30
"process",30
"submitted",30
"traffic",30
"transitional",30
"acres",29
"adoption",29
"erected",29
"multifamily",29
"shops",29
"sides",29
"towers",29
"two-family",29
"unless",29
"animal",28
"attached",28
"circulation",28
"court",28
"entrance",28
"forth",28
"four",28
"granting",28
"made",28
"permanent",28
"plus",28
"residentially",28
"screened",28
"separate",28
"zero",28
"appropriate",27
"consideration",27
"persons",27
"requirement",27
"roof",27
"tattoo",27
"west",27
"written",27
"adequate",26
"antennas",26
"beverages",26
"control",26
"determined",26
"distance",26
"establishments",26
"family",26
"green",26
"includes",26
"letter",26
"submit",26
"child",25
"constructed",25
"corridor",25
"current",25
"entertainment",25
"issued",25
"major",25
"measured",25
"quality",25
"right",25
"safety",25
"visible",25
"additional",24
"banks",24
"determination",24
"division",24
"encourage",24
"environment",24
"extension",24
"filed",24
"increased",24
"limitations",24
"order",24
"portion",24
"recommendation",24
"surface",24
"term",24
"thereof",24
"thirty",24
"variance",24
"accessible",23
"c80",23
"enclosures",23
"grade",23
"higher",23
"material",23
"means",23
"necessary",23
"ng",23
"ocg",23
"parks",23
"repair",23
"scale",23
"screening",23
"townhouses",23
"vendor",23
"walls",23
"across",22
"allow",22
"amendments",22
"back",22
"completely",22
"containing",22
"enco",22
"end",22
"foot",22
"main",22
"non-residential",22
"ordinances",22
"physical",22
"preservation",22
"remain",22
"run",22
"satellite",22
"title",22
"twelve",22
"another",21
"available",21
"civic",21
"compliance",21
"convenience",21
"developed",21
"final",21
"forty-five",21
"human",21
"i-",21
"interest",21
"large",21
"legal",21
"occupancy",21
"off-site",21
"parcels",21
"parlor",21
"planned",21
"professional",21
"receive",21
"south",21
"wholesale",21
"work",21
"",21
"action",20
"activity",20
"based",20
"board's",20
"bulk",20
"central",20
"customer",20
"description",20
"dish",20
"elements",20
"ensure",20
"form",20
"heavy",20
"hotels",20
"indoor",20
"level",20
"natural",20
"paraphernalia",20
"plants",20
"stored",20
"transportation",20
"urban",20
"churches",19
"drives",19
"entity",19
"entrances",19
"every",19
"fewer",19
"interpretation",19
"live",19
"motor",19
"oriented",19
"otherwise",19
"parlors",19
"point",19
"promote",19
"proof",19
"protect",19
"serves",19
"stations",19
"stokes",19
"subsequent",19
"traditional",19
"adhere",18
"alley",18
"amended",18
"animals",18
"cannabis",18
"determine",18
"doors",18
"establish",18
"fire",18
"hours",18
"information",18
"institutional",18
"june",18
"landmark",18
"manufacturing",18
"old",18
"processing",18
"prohibited",18
"rather",18
"recommendations",18
"rv",18
"seating",18
"setbacks",18
"stated",18
"station",18
"sub-district",18
"surroundings",18
"underlying",18
"visual",18
"adjoining",17
"al",17
"annually",17
"applicable",17
"art",17
"barrett",17
"certain",17
"contain",17
"ct",17
"designated",17
"devices",17
"east",17
"estate",17
"event",17
"granted",17
"grocery",17
"highway",17
"kenneth",17
"lease",17
"low",17
"margaret",17
"possible",17
"provision",17
"publication",17
"quarters",17
"temporary",17
"",17
"addition",16
"amendment",16
"amount",16
"base",16
"basis",16
"brewery",16
"buffer",16
"collection",16
"constitute",16
"craft",16
"deep",16
"downtown",16
"effective",16
"facades",16
"fences",16
"generally",16
"given",16
"goods",16
"governing",16
"held",16
"institutions",16
"non",16
"operation",16
"opposite",16
"protection",16
"records",16
"restricted",16
"shelter",16
"st",16
"thirty-five",16
"townhouse",16
"trails",16
"veterinarian",16
"violation",16
"welfare",16
"year",16
"zone",16
"adjoins",15
"apartments",15
"arterial",15
"assisted",15
"boarding",15
"can",15
"charles",15
"closer",15
"concerning",15
"conducted",15
"conform",15
"courtyard",15
"covered",15
"developer",15
"follows",15
"give",15
"houses",15
"immediately",15
"individuals",15
"items",15
"kept",15
"motion",15
"operate",15
"points",15
"prevent",15
"project",15
"provides",15
"pud",15
"responsible",15
"road",15
"substantial",15
"tillman",15
"truck",15
"wide",15
"wireless",15
"word",15
"words",15
"affect",14
"applications",14
"away",14
"bar",14
"boundary",14
"built",14
"car",14
"clearly",14
"color",14
"consumption",14
"director",14
"drive-through",14
"dry",14
"edge",14
"fondren",14
"independent",14
"infrastructure",14
"january",14
"mail",14
"nature",14
"non-retail",14
"notarized",14
"nuisance",14
"occupation",14
"orientation",14
"owned",14
"places",14
"planting",14
"plaza",14
"plazas",14
"r-1a",14
"rooms",14
"rules",14
"secondary",14
"text",14
"tower",14
"transit",14
"twenty-four",14
"utility",14
"wood",14
"zoo",14
"acceptable",13
"act",13
"affected",13
"commission",13
"conduct",13
"consistent",13
"contiguous",13
"create",13
"decision",13
"direct",13
"door",13
"eight",13
"engaged",13
"fast",13
"governed",13
"housed",13
"improvements",13
"inches",13
"included",13
"inns",13
"integrated",13
"intensity",13
"kindergarten",13
"layout",13
"neighborhoods",13
"newspaper",13
"noise",13
"overall",13
"piercing",13
"placed",13
"placement",13
"plane",13
"products",13
"receipt",13
"removal",13
"renewed",13
"revised",13
"room",13
"seventy-five",13
"sub",13
"swimming",13
"treatment",13
"tree",13
"well",13
"writing",13
"alcoholic",12
"alterations",12
"automobiles",12
"bars",12
"beauty",12
"bikeways",12
"changed",12
"characterized",12
"classification",12
"conference",12
"connection",12
"containers",12
"credit",12
"de",12
"designation",12
"eighty",12
"elevation",12
"evidence",12
"failure",12
"file",12
"foster",12
"ft",12
"illustration",12
"july",12
"keither",12
"masonry",12
"matter",12
"mechanical",12
"medium",12
"need",12
"needed",12
"needs",12
"obtaining",12
"operator",12
"petition",12
"play",12
"pledge",12
"preliminary",12
"preparation",12
"recycling",12
"revision",12
"savings",12
"shot",12
"stamps",12
"status",12
"systems",12
"thoroughfares",12
"throughout",12
"toward",12
"tract",12
"transient",12
"travel",12
"according",11
"address",11
"amusement",11
"arts",11
"ashby",11
"association",11
"book",11
"carroll",11
"clear",11
"clubs",11
"cultural",11
"curb",11
"definitions",11
"detailed",11
"dimensional",11
"directly",11
"driveway",11
"encouraged",11
"enforcement",11
"exit",11
"federal",11
"fees",11
"findings",11
"finished",11
"foote",11
"functions",11
"garage",11
"generate",11
"guests",11
"hazard",11
"hotel",11
"law",11
"local",11
"maintain",11
"make",11
"matters",11
"melvin",11
"method",11
"motels",11
"none",11
"occupied",11
"offered",11
"outside",11
"party",11
"priester",11
"primarily",11
"protected",11
"registered",11
"regularly",11
"relevant",11
"renewal",11
"requested",11
"requiring",11
"research",11
"restrictions",11
"salons",11
"separately",11
"served",11
"sexual",11
"shown",11
"shrubs",11
"simon",11
"sro",11
"studio",11
"submittal",11
"support",11
"television",11
"trade",11
"verifying",11
"whether",11
"account",10
"alleys",10
"altered",10
"alternative",10
"appeals",10
"arcades",10
"automotive",10
"block",10
"brick",10
"bufferings",10
"businesses",10
"choke",10
"clearance",10
"club",10
"concrete",10
"construed",10
"corporation",10
"courtyards",10
"daily",10
"dedicated",10
"degree",10
"dimensions",10
"displayed",10
"employee",10
"found",10
"frontage",10
"full",10
"hall",10
"hold",10
"indicated",10
"insurance",10
"interior",10
"investment",10
"involved",10
"kind",10
"larger",10
"lawfully",10
"lodging",10
"lower",10
"lumumba",10
"manner",10
"metal",10
"minimize",10
"minor",10
"motel",10
"objectives",10
"ocg-mud",10
"offers",10
"on-site",10
"on-street",10
"original",10
"outlined",10
"partially",10
"particular",10
"performance",10
"picture",10
"portable",10
"preserve",10
"proceedings",10
"pursuant",10
"remaining",10
"rental",10
"resources",10
"rights",10
"selling",10
"seven",10
"sewer",10
"significant",10
"specialty",10
"specifically",10
"stacked",10
"stacking",10
"stand",10
"storm",10
"studios",10
"sufficient",10
"sustainable",10
"system",10
"technical",10
"thoroughfare",10
"tip",10
"trash",10
"typically",10
"utilities",10
"value",10
"variances",10
"view",10
"walkways",10
"wastes",10
"whole",10
"zones",10
"administration",9
"administrative",9
"agreement",9
"anatomical",9
"antenna",9
"apartment",9
"appearance",9
"arranged",9
"assembly",9
"associated",9
"attachments",9
"average",9
"barber",9
"c-1a",9
"children",9
"clinics",9
"colleges",9
"colors",9
"compatibility",9
"connected",9
"convalescent",9
"copy",9
"customers",9
"dance",9
"december",9
"declared",9
"definition",9
"domestic",9
"drainage",9
"due",9
"eastover",9
"edition",9
"emergency",9
"enhance",9
"environmental",9
"equal",9
"etc",9
"extent",9
"facade",9
"fencing",9
"fitness",9
"foundation",9
"group",9
"growth",9
"halls",9
"hereby",9
"impact",9
"improved",9
"incidental",9
"incorporate",9
"increase",9
"infill",9
"internal",9
"international",9
"issuance",9
"jr",9
"latest",9
"minute",9
"national",9
"odors",9
"one-half",9
"patios",9
"plat",9
"pre-application",9
"presently",9
"radio",9
"real",9
"recorded",9
"reduction",9
"regulation",9
"relatively",9
"resource",9
"revenue",9
"roads",9
"rooming",9
"scheduled",9
"secure",9
"serving",9
"sold",9
"statement",9
"strict",9
"taken",9
"tattooing",9
"theaters",9
"trailer",9
"using",9
"utilize",9
"vending",9
"wcf",9
"whenever",9
"whichever",9
"window",9
"years",9
"-d",8
"12th",8
"ac",8
"accommodate",8
"accuracy",8
"affidavit",8
"agricultural",8
"among",8
"annotated",8
"approve",8
"arcade",8
"archives",8
"assessor",8
"auditorium",8
"august",8
"become",8
"bedroom",8
"capital",8
"carts",8
"characteristics",8
"cleaning",8
"clinic",8
"cmu-",8
"coffee",8
"condominium",8
"condominiums",8
"conforming",8
"conjunction",8
"consist",8
"continue",8
"counted",8
"county",8
"created",8
"deemed",8
"designee",8
"directed",8
"distillery",8
"distribution",8
"divided",8
"documents",8
"essential",8
"expressly",8
"extended",8
"façade",8
"feature",8
"fee",8
"foods",8
"forty",8
"forward",8
"funeral",8
"future",8
"galleries",8
"guest",8
"heights",8
"hereinafter",8
"history",8
"horizontal",8
"hospice",8
"hospital",8
"household",8
"ice",8
"industry",8
"inside",8
"kristi",8
"link",8
"mission",8
"moore",8
"music",8
"nmu-",8
"non-parking",8
"notification",8
"nursing",8
"onto",8
"openings",8
"patterns",8
"pm",8
"pole",8
"product",8
"projects",8
"railroad",8
"recording",8
"reflect",8
"regardless",8
"regional",8
"registration",8
"report",8
"reserved",8
"reviewed",8
"ri",8
"row",8
"runs",8
"schedule",8
"secti",8
"sent",8
"shape",8
"show",8
"showing",8
"signage",8
"sizes",8
"solid",8
"stands",8
"stay",8
"subdi",8
"suitable",8
"supporting",8
"terms",8
"together",8
"tony",8
"top",8
"town",8
"vertical",8
"whose",8
"windscreen",8
"working",8
"worship",8
"wrecker",8
"yarber",8
"aaron",7
"actions",7
"additions",7
"allowing",7
"antar",7
"authorized",7
"avoid",7
"bank",7
"beer",7
"bingo",7
"carports",7
"catering",7
"certified",7
"chain",7
"circle",7
"collector",7
"commissioner",7
"communications",7
"company",7
"complete",7
"considering",7
"container",7
"criteria",7
"dairying",7
"dealer",7
"departments",7
"described",7
"details",7
"diameter",7
"distri",7
"drive-in",7
"duties",7
"engineering",7
"entities",7
"fast-food",7
"follow",7
"free",7
"fronts",7
"goals",7
"golf",7
"governmental",7
"handicapped",7
"hearings",7
"hereunder",7
"husbandry",7
"improvement",7
"installed",7
"instruction",7
"insure",7
"ion",7
"kennels",7
"known",7
"lane",7
"laundry",7
"lindsay",7
"locations",7
"long",7
"manage",7
"market",7
"mixture",7
"monument",7
"museums",7
"nightclubs",7
"operating",7
"organizations",7
"outdoors",7
"owner's",7
"pages",7
"paid",7
"patrons",7
"performing",7
"perimeter",7
"permanently",7
"pertaining",7
"piercings",7
"planted",7
"playgrounds",7
"pool",7
"pools",7
"portions",7
"post",7
"postponement",7
"present",7
"proposes",7
"r-1e",7
"reasonable",7
"recreation",7
"reduce",7
"referred",7
"regarding",7
"relationship",7
"removed",7
"renovation",7
"restrictive",7
"seasonal",7
"secondhand",7
"separated",7
"shop",7
"smoke",7
"street-facing",7
"subdivisions",7
"subordinate",7
"surrounded",7
"telephone",7
"tennis",7
"theater",7
"tires",7
"trailers",7
"transmission",7
"ty",7
"unions",7
"usually",7
"utc",7
"video",7
"village",7
"virgie",7
"warehousing",7
"widths",7
"adversely",6
"advertisements",6
"age",6
"agencies",6
"applied",6
"approximately",6
"armstrong",6
"around",6
"arrangements",6
"artist",6
"athletic",6
"attest",6
"attractive",6
"authority",6
"bearing",6
"bookstore",6
"brown",6
"buffering",6
"c80-c2",6
"canopies",6
"capacity",6
"cart",6
"cases",6
"cause",6
"certification",6
"certifying",6
"city's",6
"codes",6
"comm",6
"commonly",6
"complied",6
"concept",6
"condition",6
"configuration",6
"consumer",6
"continued",6
"continuous",6
"convenient",6
"conventional",6
"coordinated",6
"courses",6
"creating",6
"cross",6
"cuts",6
"decisions",6
"decorative",6
"delineated",6
"demolition",6
"dent",6
"designs",6
"detail",6
"detrimental",6
"develop",6
"device",6
"different",6
"distinctive",6
"drug",6
"duplexes",6
"educational",6
"efficient",6
"elevations",6
"engineers",6
"ent",6
"entire",6
"events",6
"examples",6
"exceeding",6
"exclusive",6
"expenses",6
"filing",6
"films",6
"floors",6
"footprint",6
"freestanding",6
"fully",6
"fumes",6
"gallatin",6
"hair",6
"hereafter",6
"hour",6
"illinois",6
"illuminated",6
"improve",6
"indicating",6
"initiated",6
"institution",6
"invalid",6
"islands",6
"lands",6
"legally",6
"libraries",6
"life",6
"lights",6
"louis",6
"mailed",6
"marcia",6
"mass",6
"meals",6
"met",6
"methods",6
"modifications",6
"modified",6
"modular",6
"month",6
"moved",6
"municipal",6
"nearest",6
"northern",6
"objects",6
"occupants",6
"organization",6
"overnight",6
"owner-occupied",6
"painting",6
"parked",6
"parties",6
"paving",6
"pawnshop",6
"permitting",6
"photographic",6
"phrases",6
"pl",6
"playground",6
"prepared",6
"program",6
"rack",6
"re",6
"reason",6
"receptions",6
"regular",6
"relation",6
"representative",6
"resi",6
"responsibility",6
"rhythm",6
"rict",6
"roofs",6
"safe",6
"sense",6
"setting",6
"skating",6
"sleeping",6
"slides",6
"stating",6
"structural",6
"style",6
"subdivided",6
"submission",6
"supply",6
"table",6
"tenant",6
"therefore",6
"therein",6
"typical",6
"unloading",6
"utilized",6
"uv",6
"vicinity",6
"violations",6
"walking",6
"walks",6
"warehouses",6
"wash",6
"ways",6
"weaver",6
"weight",6
"xed",6
"xii-a",6
"ability",5
"academic",5
"accessed",5
"accommodations",5
"accompanied",5
"aesthetic",5
"alteration",5
"amenities",5
"amenity",5
"appli",5
"architects",5
"architecture",5
"area-wide",5
"attachment",5
"attenuation",5
"attorneys",5
"behind",5
"beyond",5
"boats",5
"bodies",5
"bowling",5
"brewpub",5
"c80-i1",5
"cabaret",5
"cell",5
"chairman",5
"chairperson",5
"charges",5
"christmas",5
"circumstances",5
"citizens",5
"cleaner",5
"close",5
"compensation",5
"comprise",5
"conclusion",5
"conducting",5
"connections",5
"consecutive",5
"conserve",5
"contained",5
"contains",5
"courts",5
"cupolas",5
"data",5
"define",5
"delivery",5
"depiction",5
"desirable",5
"desserts",5
"devoted",5
"dining",5
"directions",5
"disposal",5
"ditto",5
"documentation",5
"douglas",5
"drawing",5
"driving",5
"durable",5
"duty",5
"easement",5
"easements",5
"ed",5
"electrical",5
"elementary",5
"eligibility",5
"eligible",5
"enclosure",5
"engineer",5
"enterprise",5
"entitled",5
"entry",5
"enumerated",5
"excessive",5
"exempt",5
"exercise",5
"exist",5
"existence",5
"expanded",5
"expansion",5
"extensive",5
"fabric",5
"fellowship",5
"financial",5
"fixed",5
"frame",5
"furnished",5
"furniture",5
"gas",5
"george",5
"good",5
"government",5
"grass",5
"hardship",5
"hazardous",5
"heard",5
"help",5
"highways",5
"hospitals",5
"hvac",5
"impervious",5
"implementation",5
"indicate",5
"industries",5
"installation",5
"intensive",5
"interstate",5
"intoxicating",5
"involving",5
"iron",5
"johnson",5
"kane",5
"laws",5
"length",5
"library",5
"like",5
"listing",5
"match",5
"maximize",5
"meadowbrook",5
"meetings",5
"merits",5
"mounted",5
"name",5
"non-profit",5
"normally",5
"notes",5
"obtained",5
"of-way",5
"offering",5
"operated",5
"opportunities",5
"owning",5
"parapets",5
"parts",5
"paths",5
"pattern",5
"paved",5
"pedestrians",5
"pets",5
"photography",5
"pick-up",5
"pictures",5
"pitch",5
"plastic",5
"plural",5
"pod",5
"posted",5
"pounds",5
"previously",5
"r-2a",5
"racks",5
"receipts",5
"receives",5
"reception",5
"recognized",5
"relating",5
"repairs",5
"reproductions",5
"rescheduled",5
"residences",5
"result",5
"rezonings",5
"rinks",5
"sand",5
"sanitary",5
"screen",5
"seal",5
"secretary",5
"sections",5
"sells",5
"separation",5
"share",5
"shelters",5
"short-term",5
"singular",5
"smaller",5
"social",5
"sound",5
"stables",5
"standard",5
"steel",5
"stone",5
"submitting",5
"substantially",5
"supplies",5
"taverns",5
"telecommunications",5
"termination",5
"texture",5
"thereto",5
"thus",5
"times",5
"training",5
"treated",5
"undue",5
"unrelated",5
"urpose",5
"usage",5
"valid",5
"validity",5
"variations",5
"variety",5
"various",5
"vegetation",5
"vendors",5
"veterinary",5
"via",5
"vision",5
"vote",5
"washing",5
"wheels",5
"wine",5
"withdrawn",5
"wrought",5
"zoni",5
"-feet",4
"abandoned",4
"achieve",4
"acquiescence",4
"active",4
"additionally",4
"administered",4
"adopt",4
"advance",4
"advisory",4
"affairs",4
"agent",4
"allowable",4
"amend",4
"anglin",4
"annual",4
"antique",4
"appear",4
"appropriately",4
"appurtenances",4
"artists",4
"assistance",4
"assurance",4
"ati",4
"auto",4
"axles",4
"barrier",4
"bay",4
"bedrooms",4
"beds",4
"begun",4
"bi",4
"bike",4
"binding",4
"blood",4
"bookstores",4
"brenda",4
"broadcast",4
"buffered",4
"bus",4
"c80-mu",4
"cabarets",4
"calhoun",4
"cancellation",4
"cancelled",4
"carefully",4
"cassettes",4
"cati",4
"certify",4
"chapter",4
"civil",4
"classroom",4
"clauses",4
"coin",4
"comments",4
"complaining",4
"complement",4
"computed",4
"computer",4
"concerned",4
"conf",4
"conservation",4
"considerations",4
"consultation",4
"context",4
"continuance",4
"continuity",4
"contractual",4
"controlled",4
"conversion",4
"coordination",4
"coordinator",4
"correction",4
"correctional",4
"covenant",4
"creates",4
"creation",4
"credell",4
"dedication",4
"deed",4
"demolitions",4
"denied",4
"denti",4
"deny",4
"dimension",4
"dispensing",4
"docks",4
"doctors",4
"documented",4
"drink",4
"dust",4
"eastern",4
"effect",4
"egress",4
"eighteen",4
"election",4
"emphasis",4
"employees",4
"environments",4
"ercial",4
"even",4
"exclude",4
"exhibits",4
"exists",4
"extending",4
"facie",4
"farm",4
"fender",4
"finance",4
"fine",4
"flag",4
"flat",4
"fleet",4
"focal",4
"footage",4
"forms",4
"fountains",4
"frank",4
"fronting",4
"frozen",4
"fuels",4
"function",4
"gallery",4
"gateway",4
"genitals",4
"geographic",4
"glare",4
"glass",4
"grounds",4
"gymnasiums",4
"harvey",4
"hendrix",4
"hitch",4
"hundred-sixty",4
"illegal",4
"impacts",4
"incompatible",4
"incorporated",4
"indoors",4
"ineffective",4
"ingress",4
"initial",4
"integrity",4
"inter",4
"intrusion",4
"involves",4
"jefferson",4
"jointly",4
"junkyard",4
"jurisdiction",4
"justifies",4
"kennel",4
"later",4
"lawful",4
"leading",4
"learning",4
"lender",4
"license",4
"limits",4
"list",4
"machines",4
"managed",4
"maneuvering",4
"manufacturer",4
"marriage",4
"mean",4
"meters",4
"microwave",4
"minimums",4
"months",4
"nail",4
"narrow",4
"necessarily",4
"nicotine",4
"nightclub",4
"ninety",4
"notified",4
"notify",4
"notwithstanding",4
"objection",4
"occupy",4
"offer",4
"officially",4
"opacity",4
"option",4
"ormi",4
"outlet",4
"overcrowding",4
"overhaul",4
"paper",4
"parallel",4
"parki",4
"partnership",4
"passage",4
"pavers",4
"pedestrian-oriented",4
"petitioner",4
"planters",4
"pocket",4
"police",4
"political",4
"ponds",4
"porte-cocheres",4
"postmarked",4
"postponements",4
"potential",4
"powers",4
"pre-existing",4
"pree",4
"preserved",4
"prima",4
"produce",4
"profession",4
"projections",4
"properly",4
"proposal",4
"proximity",4
"published",4
"quentin",4
"rating",4
"re-zoning",4
"received",4
"receiving",4
"recovery",4
"reductions",4
"refuse",4
"register",4
"regulatory",4
"religious",4
"relocation",4
"responsibilities",4
"rest",4
"retain",4
"ridgewood",4
"rights-of",4
"roadways",4
"rural",4
"scaled",4
"security",4
"self-service",4
"servicing",4
"short",4
"sight",4
"signature",4
"silas",4
"similarly",4
"situated",4
"soil",4
"solely",4
"spirit",4
"steeples",4
"storing",4
"story",4
"streetscape",4
"stri",4
"strictly",4
"student",4
"studied",4
"subdist",4
"subdistricts",4
"surfaces",4
"tag",4
"taking",4
"tangible",4
"taxes",4
"tears",4
"techniques",4
"tense",4
"therapists",4
"third",4
"topography",4
"totally",4
"trail",4
"transcribed",4
"transition",4
"transmitting",4
"trucks",4
"two-thirds",4
"tyrone",4
"unattended",4
"underground",4
"understood",4
"unified",4
"uniform",4
"unimpeded",4
"unique",4
"upper",4
"values",4
"verification",4
"vibrations",4
"views",4
"visually",4
"walk",4
"walkway",4
"warehouse",4
"waste",4
"whereas",4
"wherever",4
"whitwell",4
"wish",4
"xiii-a",4
"-c",3
"-f",3
"-foot",3
"00pm",3
"absence",3
"abuts",3
"accessibility",3
"accessories",3
"accommodated",3
"accommodation",3
"accomplish",3
"accredited",3
"accurately",3
"acquires",3
"actual",3
"adequately",3
"admi",3
"adults",3
"adverse",3
"advertisement",3
"affixed",3
"agreements",3
"agriculture",3
"air",3
"aisles",3
"alcohol",3
"allen",3
"alter",3
"ambulatory",3
"amending",3
"amite",3
"amounts",3
"anchored",3
"angela",3
"anni",3
"anything",3
"anywhere",3
"apparel",3
"applies",3
"appurtenance",3
"architect",3
"arrangement",3
"articles",3
"assist",3
"associations",3
"attainment",3
"attested",3
"awnings",3
"bail",3
"banking",3
"basic",3
"becomes",3
"ben",3
"benefit",3
"berms",3
"better",3
"billboards",3
"blank",3
"blocks",3
"bloom",3
"bluntson",3
"bond",3
"bonding",3
"books",3
"bounded",3
"boxwood",3
"brewpubs",3
"brief",3
"broken",3
"burl",3
"c80-c1",3
"c80-c3",3
"calculating",3
"calendar",3
"call",3
"carport",3
"carrying",3
"cashing",3
"cats",3
"causes",3
"cbd",3
"cemetery",3
"certificate",3
"check",3
"chief",3
"chosen",3
"clarity",3
"cleaners",3
"co-location",3
"cohesive",3
"colored",3
"com",3
"commerci",3
"compact",3
"complaint",3
"complaints",3
"complex",3
"components",3
"concentration",3
"conflict",3
"conformance",3
"congestion",3
"connect",3
"consider",3
"consistency",3
"consisting",3
"construct",3
"consumed",3
"contrary",3
"controls",3
"conviction",3
"cooking",3
"corners",3
"corporate",3
"corridors",3
"costs",3
"country",3
"course",3
"criminal",3
"crisler",3
"cultivation",3
"curriculum",3
"cycle",3
"dale",3
"damage",3
"damaged",3
"dangerous",3
"danks",3
"deck",3
"decks",3
"decrease",3
"delegate",3
"delicatessens",3
"demonstrate",3
"demonstrates",3
"densities",3
"describe",3
"desired",3
"destroyed",3
"detention",3
"diagnostic",3
"discouraged",3
"discretion",3
"dispensary",3
"disposable",3
"distinct",3
"dogs",3
"dominate",3
"drop",3
"duly",3
"dumpsters",3
"edible",3
"electromagnetic",3
"eliminate",3
"emissions",3
"encircled",3
"enlarged",3
"enlargements",3
"entirely",3
"ents",3
"environmentally",3
"er",3
"erotic",3
"es",3
"establishes",3
"excess",3
"exchange",3
"excluded",3
"exhaustive",3
"expedite",3
"expiration",3
"exposure",3
"expression",3
"facial",3
"facilitate",3
"facing",3
"factory",3
"feasible",3
"fed",3
"fenced",3
"finding",3
"finishes",3
"fixture",3
"fixtures",3
"flowering",3
"four-year",3
"framework",3
"fund",3
"games",3
"gates",3
"gathering",3
"gayrytha",3
"generates",3
"grace",3
"grant",3
"grants",3
"gravel",3
"greatest",3
"greenfield",3
"groups",3
"gun",3
"hamilton",3
"hand",3
"harmonious",3
"harris",3
"hazards",3
"heating",3
"highest",3
"historical",3
"hollow",3
"horses",3
"hud",3
"huff",3
"identity",3
"illuminate",3
"illustrations",3
"incorporating",3
"injured",3
"institute",3
"int",3
"internally",3
"interpreted",3
"intrude",3
"junior",3
"junk",3
"label",3
"lake",3
"lakes",3
"leslie",3
"letters",3
"lift",3
"literal",3
"loan",3
"locked",3
"lodgers",3
"low-intensity",3
"machinery",3
"manager",3
"mandatory",3
"maps",3
"markets",3
"marshall",3
"marshand",3
"mclemore",3
"meaning",3
"medians",3
"meets",3
"mental",3
"merely",3
"metered",3
"midnight",3
"mini-warehouse",3
"minutes",3
"moderate",3
"moderator",3
"modification",3
"modify",3
"money",3
"monopole",3
"morals",3
"mulch",3
"multiple",3
"names",3
"near",3
"neglect",3
"neighboring",3
"never",3
"newly",3
"newspapers",3
"nodes",3
"normal",3
"nothing",3
"nurseries",3
"oakley",3
"occupations",3
"occur",3
"offense",3
"offensive",3
"offset",3
"often",3
"one-chair",3
"opaque",3
"operational",3
"opinion",3
"orders",3
"ordinary",3
"outright",3
"overhangs",3
"parapet",3
"parochial",3
"partners",3
"pascagoula",3
"patio",3
"pavement",3
"pawn",3
"peculiar",3
"penalties",3
"pens",3
"periods",3
"permissive",3
"perpetuate",3
"personalized",3
"personnel",3
"photographs",3
"phrase",3
"physicians",3
"pick",3
"placing",3
"plant",3
"planter",3
"plats",3
"plot",3
"policies",3
"policy",3
"pollution",3
"porches",3
"possess",3
"post-secondary",3
"posting",3
"practice",3
"preferred",3
"prepare",3
"preparing",3
"presence",3
"principle",3
"processed",3
"programs",3
"project's",3
"projected",3
"proper",3
"proportion",3
"quail",3
"quantity",3
"quasi-public",3
"ramps",3
"range",3
"ranges",3
"recesses",3
"reconstruction",3
"recoverable",3
"reduced",3
"regard",3
"relaxation",3
"reliance",3
"relief",3
"remodeling",3
"renovated",3
"rent",3
"repealed",3
"replacement",3
"representation",3
"requires",3
"residenti",3
"respect",3
"reuse",3
"revisions",3
"rezone",3
"ridge",3
"roller",3
"routes",3
"sculpture",3
"secured",3
"selected",3
"senior",3
"separating",3
"series",3
"sexually",3
"shade",3
"shingles",3
"shoreline",3
"si",3
"sick",3
"simple",3
"since",3
"sions",3
"sixty-five",3
"sixty-six",3
"skin",3
"slope",3
"spa",3
"spacious",3
"spas",3
"spray",3
"squares",3
"sr",3
"steep",3
"stenographic",3
"steps",3
"stock",3
"stories",3
"streams",3
"streetscapes",3
"strengthen",3
"stringent",3
"strong",3
"structurally",3
"subs",3
"suburban",3
"sufficiently",3
"supervision",3
"supplemented",3
"supportive",3
"survey",3
"tanks",3
"tape",3
"terminals",3
"textured",3
"thereafter",3
"thereby",3
"things",3
"thirteen",3
"three-fifths",3
"thru",3
"tire",3
"toning",3
"tracts",3
"transacted",3
"transcript",3
"transported",3
"twenty-one",3
"underside",3
"undeveloped",3
"unimproved",3
"union",3
"ures",3
"usable",3
"varied",3
"varying",3
"vertically",3
"virtue",3
"visibility",3
"vocational",3
"wares",3
"washes",3
"waves",3
"waxing",3
"well-defined",3
"western",3
"withdrawals",3
"works",3
"xix-a",3
"year-round",3
"-e",2
"-inch",2
"00am",2
"02a",2
"05a",2
"4x",2
"abatement",2
"accident",2
"accidents",2
"accompanying",2
"accomplished",2
"accounts",2
"acreage",2
"acting",2
"acts",2
"adaptive",2
"add",2
"addendum",2
"adhered",2
"adjusting",2
"administer",2
"advertises",2
"advertising",2
"advisor",2
"aesthetically",2
"affiliates",2
"aforementioned",2
"aggrieved",2
"aid",2
"allocated",2
"ance",2
"angelique",2
"angles",2
"annexed",2
"antiques",2
"apparatuses",2
"appl",2
"appliances",2
"applicants",2
"applicati",2
"approach",2
"appropriateness",2
"april",2
"architecturally",2
"aromatherapy",2
"arteries",2
"articulation",2
"artisan",2
"aspects",2
"asphalt",2
"assembling",2
"attention",2
"attics",2
"attract",2
"auditoriums",2
"automatic",2
"auxiliary",2
"avenue",2
"avoided",2
"ay",2
"bagged",2
"bakeries",2
"ballard",2
"bark",2
"barns",2
"basketball",2
"beam",2
"bears",2
"beautification",2
"bedding",2
"begin",2
"beginning",2
"benches",2
"best",2
"bettye",2
"beverage",2
"bicycles",2
"bicycling",2
"blend",2
"blight",2
"bona",2
"bonds",2
"booths",2
"border",2
"bounds",2
"boutique",2
"boxes",2
"boyles",2
"break",2
"broadway",2
"buildable",2
"builder",2
"butcher",2
"buttocks",2
"by-pass",2
"c1",2
"c80-i2",2
"cafes",2
"calculations",2
"caliper",2
"campus-like",2
"canals",2
"canopy",2
"cans",2
"capable",2
"caring",2
"carried",2
"carry",2
"carry-out",2
"cemeteries",2
"cent",2
"century",2
"chain-link",2
"cigarette",2
"cited",2
"cle",2
"cleansing",2
"climate-controlled",2
"clubhouses",2
"coincide",2
"collected",2
"college",2
"columns",2
"commence",2
"comment",2
"communal",2
"complementary",2
"completion",2
"complimentary",2
"composition",2
"conceal",2
"condos",2
"conducive",2
"configured",2
"conformity",2
"consists",2
"contemplated",2
"contingency",2
"contract",2
"contributes",2
"convention",2
"conveyance",2
"convincing",2
"cook",2
"coon",2
"cooper",2
"cooperative",2
"copies",2
"copper",2
"core",2
"cornice",2
"correct",2
"corrections",2
"cost",2
"cost-effective",2
"counter",2
"counting",2
"covenants",2
"cover",2
"covering",2
"cream",2
"creativity",2
"crossing",2
"curbing",2
"curbside",2
"currency",2
"curve",2
"custody",2
"custom-built",2
"customarily",2
"cutting",2
"dagner",2
"dated",2
"daytime",2
"dead",2
"dealers",2
"dealership",2
"debris",2
"decelle",2
"deciduous",2
"defining",2
"deflect",2
"delineate",2
"demand",2
"demolished",2
"denial",2
"dental",2
"dentists",2
"depicting",2
"deposit",2
"deposits",2
"derwood",2
"describes",2
"desi",2
"designer",2
"destruction",2
"diagnosis",2
"difficult",2
"disabilities",2
"discarded",2
"discontinuance",2
"dismantled",2
"displays",2
"dist",2
"distances",2
"distinguish",2
"distinguished",2
"diverse",2
"diversify",2
"diversity",2
"document",2
"documentary",2
"dog",2
"dogwood",2
"dome",2
"done",2
"donut",2
"dot",2
"drawings",2
"drive-up",2
"dumpster",2
"duplex",2
"duration",2
"easily",2
"easy",2
"eating",2
"eave",2
"ee",2
"effects",2
"efficiently",2
"efforts",2
"electrolysis",2
"elevator",2
"elsewhere",2
"emotional",2
"employment",2
"enable",2
"enclose",2
"encourages",2
"ending",2
"energy",2
"engages",2
"enhancement",2
"enjoyment",2
"enlargement",2
"enter",2
"entering",2
"equivalent",2
"errands",2
"especially",2
"evaluating",2
"evelyn",2
"evergreen",2
"exact",2
"examination",2
"exchanges",2
"exclusively",2
"exfoliation",2
"expected",2
"explosion",2
"express",2
"extensions",2
"faced",2
"fails",2
"fall",2
"families",2
"far",2
"farmer",2
"favorable",2
"female",2
"fertilizer",2
"fide",2
"field",2
"fifty-five",2
"firearms",2
"firm",2
"firms",2
"flagpole",2
"flexibility",2
"flood",2
"floodlights",2
"florists",2
"followed",2
"fondling",2
"formal",2
"fortification",2
"forwarded",2
"fresh",2
"friendly",2
"full-time",2
"furnish",2
"gables",2
"gaming",2
"garden",2
"gasoline",2
"gatherings",2
"generated",2
"geographically",2
"gift",2
"grading",2
"greenbelts",2
"greens",2
"grooming",2
"habitable",2
"half-way",2
"handicap",2
"handicaps",2
"hard",2
"healthful",2
"healthier",2
"heat",2
"hedges",2
"hereof",2
"high-density",2
"hinds",2
"hire",2
"holiday",2
"honeysuckle",2
"hooded",2
"hundred-fifty",2
"hydrants",2
"hydrotherapy",2
"i1",2
"ial",2
"icat",2
"icati",2
"identification",2
"identified",2
"ies",2
"illuminating",2
"ily",2
"immersion",2
"implement",2
"important",2
"imposed",2
"improving",2
"inc",2
"incandescent",2
"incorporates",2
"incubator",2
"industri",2
"informal",2
"informally",2
"inlaid",2
"innovation",2
"innovative",2
"inoperable",2
"inoperative",2
"inspected",2
"inspection",2
"institutes",2
"instrument",2
"integral",2
"integration",2
"interference",2
"interpret",2
"intersecting",2
"involve",2
"irrigation",2
"item",2
"ix-a",2
"jackson's",2
"jobs",2
"justice",2
"justification",2
"keeping",2
"labor",2
"laboratory",2
"landmarks",2
"larita",2
"laundries",2
"laundromats",2
"lawns",2
"leased",2
"lee",2
"left",2
"lessen",2
"limi",2
"limit",2
"limitation",2
"lit",2
"lives",2
"livestock",2
"locally",2
"locating",2
"locking",2
"low-level",2
"lower-density",2
"lubrication",2
"luther",2
"lying",2
"magazines",2
"magnolia",2
"make-up",2
"making",2
"manicures",2
"manual",2
"mapped",2
"march",2
"massage",2
"massing",2
"measurement",2
"measurements",2
"measures",2
"mechanism",2
"medicines",2
"member",2
"membership",2
"metals",2
"meter",2
"metes",2
"mid-twentieth",2
"mini-warehouses",2
"misdemeanor",2
"mistake",2
"mortuaries",2
"moss",2
"motorists",2
"movement",2
"movie",2
"moving",2
"mra",2
"mu",2
"museum",2
"narrative",2
"narrower",2
"native",2
"nca",2
"nea",2
"neo-traditional",2
"next",2
"ni",2
"nine",2
"noises",2
"nonexistence",2
"nts",2
"object",2
"obligations",2
"obscure",2
"obtain",2
"occupant",2
"occupies",2
"occupying",2
"occurring",2
"october",2
"odor",2
"off-premises",2
"officers",2
"oils",2
"one-hundred",2
"ons",2
"opaquely",2
"opportunity",2
"optimal",2
"orderly",2
"ordnances",2
"orient",2
"orientations",2
"orienting",2
"others",2
"overview",2
"packs",2
"paragraph",2
"passed",2
"passive",2
"past",2
"patients",2
"peak",2
"pearl",2
"peat",2
"pedicures",2
"pending",2
"people",2
"performed",2
"perimeters",2
"periodicals",2
"perm",2
"permanence",2
"perpendicular",2
"perpetuation",2
"pet",2
"petroleum",2
"phased",2
"phasing",2
"philanthropic",2
"photo",2
"physically",2
"pipes",2
"pitch-n",2
"pitches",2
"planes",2
"plank",2
"plank-to",2
"planner",2
"planni",2
"plantings",2
"platted",2
"pods",2
"poles",2
"poor",2
"population",2
"pornographic",2
"portrayed",2
"positive",2
"possessing",2
"possession",2
"postal",2
"posts",2
"potting",2
"poultry",2
"practical",2
"practices",2
"pre-release",2
"predictability",2
"predominant",2
"predominate",2
"preplanned",2
"preserves",2
"president",2
"prevails",2
"previous",2
"pride",2
"principally",2
"privately",2
"probationary",2
"proceed",2
"produces",2
"prohibit",2
"projectors",2
"promotes",2
"promoting",2
"prosperity",2
"protective",2
"prove",2
"provi",2
"pubic",2
"pumps",2
"purchase",2
"purchaser",2
"purported",2
"putt",2
"qualities",2
"quiet",2
"r1",2
"r4",2
"rail",2
"raised",2
"ratio",2
"raw",2
"re-cycling",2
"re-development",2
"reasonably",2
"recessed",2
"recommend",2
"recommended",2
"redbud",2
"redevelopment",2
"referenced",2
"reflecting",2
"reflective",2
"refund",2
"regrading",2
"regulate",2
"regulates",2
"reliable",2
"remainder",2
"remand",2
"rented",2
"reporter",2
"requesting",2
"resale",2
"reservation",2
"resident",2
"residing",2
"respond",2
"restating",2
"resulting",2
"retreading",2
"return",2
"revenues",2
"review1102",2
"reviewing",2
"revitalization",2
"rides",2
"roadway",2
"roan",2
"rock",2
"role",2
"roof-mounted",2
"roofline",2
"rooftop",2
"routine",2
"ruct",2
"satel",2
"sauna",2
"saving",2
"second",2
"securely",2
"segregate",2
"sell",2
"sensitive",2
"separability",2
"september",2
"sewage",2
"sh",2
"shorelines",2
"shorthand",2
"showrooms",2
"signatures",2
"signed",2
"significantly",2
"simultaneously",2
"singl",2
"single-room",2
"sited",2
"skills",2
"slate",2
"slats",2
"slopes",2
"smoking",2
"smoothly",2
"society",2
"sometimes",2
"sources",2
"southern",2
"spacing",2
"specify",2
"spectator",2
"split",2
"sports",2
"spotlights",2
"stabilize",2
"stable",2
"stabling",2
"staff's",2
"stalls",2
"states",2
"stationery",2
"steam",2
"stipulated",2
"stops",2
"storefront",2
"strongly",2
"struct",2
"structured",2
"stucco",2
"styles",2
"styling",2
"sub-districts",2
"subsections",2
"successor",2
"suitability",2
"supplementary",2
"surety",2
"surgical",2
"surveillance",2
"swine",2
"tables",2
"take",2
"tanning",2
"teaching",2
"ted",2
"thereon",2
"though",2
"tile",2
"tools",2
"topographical",2
"torture",2
"touching",2
"tow",2
"towards",2
"toy",2
"tracks",2
"transmit",2
"transmitter",2
"traveling",2
"treating",2
"treatments",2
"triangle",2
"trips",2
"trust",2
"ts",2
"two-hundred",2
"uil",2
"ultimate",2
"unconstitutional",2
"united",2
"unity",2
"universities",2
"unlisted",2
"unnecessary",2
"unsightly",2
"unsuitable",2
"unusual",2
"usual",2
"v-a",2
"vacant",2
"van",2
"verl",2
"viable",2
"vibrant",2
"vibration",2
"viewing",2
"villages",2
"vines",2
"violates",2
"vitality",2
"vocational-technical",2
"waive",2
"walk-in",2
"walkable",2
"warranted",2
"wells",2
"westerly",2
"wheel",2
"wherein",2
"william",2
"wire",2
"wit",2
"withdraw",2
"work-release",2
"wraps",2
"wrecked",2
"x-a",2
"xiv-a",2
"xv-a",2
"xvi-a",2
"xvii-a",2
"xviii-a",2
"xviii-b",2
"xviii-c",2
"xviii-d",2
"xx-a",2
"xx1-a",2
"xx1i-a",2
"xxiii-a",2
"yearly",2
"-december",1
"-hour",1
"-mile",1
"-minute",1
"-z",1
"0h",1
"0i",1
"1e",1
"1side",1
"3rd",1
"3regulations",1
"5n",1
"6a",1
"6h",1
"a5-f",1
"abrupt",1
"abuse",1
"abut",1
"academies",1
"accent",1
"accents",1
"accepted",1
"accommodates",1
"accompany",1
"accumulation",1
"accurate",1
"acted",1
"acti",1
"ad",1
"ada",1
"adaptable",1
"added",1
"adds",1
"adequacy",1
"adjust",1
"adopting",1
"advanced",1
"advertised",1
"advisable",1
"advise",1
"advised",1
"aesthetics",1
"affecting",1
"affiliated",1
"affirm",1
"affordable",1
"affords",1
"aforesaid",1
"aged",1
"agency",1
"ages",1
"agitation",1
"ai",1
"aims",1
"airport",1
"airports",1
"alleged",1
"allows",1
"allyne",1
"alone",1
"already",1
"altering",1
"ambulant",1
"amendm",1
"american",1
"amortization",1
"anal",1
"analysis",1
"analyzes",1
"ancillary",1
"ann",1
"anning",1
"anonymity",1
"ans",1
"anticipation",1
"anus",1
"apart",1
"apparatus",1
"appealed",1
"appealing",1
"appearances",1
"appeared",1
"appearing",1
"appointed",1
"appraised",1
"approaches",1
"approvals",1
"appurtenant",1
"aquaculture",1
"arati",1
"arches",1
"area's",1
"area-nca",1
"areola",1
"ark",1
"arms",1
"arousal",1
"arranging",1
"arrow",1
"arti",1
"articulations",1
"artificial",1
"artisans",1
"artistic",1
"aspect",1
"assembled",1
"assessment",1
"assignee",1
"assigns",1
"assisting",1
"assists",1
"associates",1
"assurances",1
"assuring",1
"asylum",1
"ate",1
"attendees",1
"attorney",1
"attraction",1
"auspices",1
"authorities",1
"authorize",1
"automated",1
"availability",1
"aviation",1
"avoiding",1
"axis",1
"backlit",1
"balanced",1
"baling",1
"ball",1
"barbecue",1
"barbed",1
"barbering",1
"barbers",1
"barriers",1
"basement",1
"basements",1
"basin",1
"bassinet",1
"bath",1
"bathhouse",1
"bathing",1
"batting",1
"bays",1
"beams",1
"beards",1
"beating",1
"behavior",1
"belfries",1
"belonging",1
"betting",1
"bid",1
"bidis",1
"bili",1
"bins",1
"biologically",1
"birds",1
"blockage",1
"blue",1
"board-to",1
"boat",1
"boling",1
"bonuses",1
"bordered",1
"bordering",1
"borrow",1
"bottle",1
"boulevard",1
"bounding",1
"box-like",1
"boys",1
"braces",1
"breakfasts",1
"breaks",1
"breast",1
"breasts",1
"breeding",1
"brewed",1
"brian",1
"bright",1
"brilliant",1
"broad",1
"broadly",1
"brought",1
"brw",1
"buil",1
"bulkheads",1
"bumper",1
"bundled",1
"burden",1
"burial",1
"burnished",1
"business-oriented",1
"business-related",1
"c-la",1
"c2",1
"c3",1
"c80-c",1
"c80-r4",1
"cabana",1
"cabinet",1
"cabinets",1
"cafeterias",1
"cages",1
"calculate",1
"called",1
"camouflaging",1
"campers",1
"camping",1
"campus",1
"candle",1
"cap",1
"capi",1
"card",1
"cardholders",1
"cared",1
"careful",1
"caretaker",1
"carhop",1
"carnivals",1
"carr",1
"carrier",1
"carryout",1
"carwash",1
"case-by",1
"casey",1
"cash",1
"casino",1
"casinos",1
"cassette",1
"cat",1
"catastrophes",1
"categories",1
"category",1
"cation",1
"cattle",1
"caused",1
"cavity",1
"ceases",1
"ceasing",1
"cedric",1
"ceiling",1
"celebration",1
"cellars",1
"cellular",1
"centerline",1
"centrally",1
"certificates",1
"certifies",1
"cessation",1
"chair",1
"chaired",1
"chance",1
"chancery",1
"changing",1
"channeling",1
"charge",1
"chartered",1
"chassis",1
"checking",1
"chewing",1
"chimneys",1
"chiropractic",1
"chiropractors",1
"cigarettes",1
"cigars",1
"cinders",1
"cinemas",1
"circumstance",1
"cit",1
"citizenry",1
"clay",1
"cleared",1
"clears",1
"clientele",1
"climate",1
"climbing",1
"closed-circuit",1
"closely",1
"closure",1
"clustered",1
"cochran",1
"cocktail",1
"codified",1
"coins",1
"coll",1
"columbariums",1
"combined",1
"combining",1
"comfort",1
"commencement",1
"commerce",1
"commercially",1
"commit",1
"commits",1
"committ",1
"committed",1
"committee's",1
"committees",1
"commodities",1
"commodity",1
"compacting",1
"companies",1
"comparable",1
"comparison",1
"compartmentalized",1
"compatibly",1
"completed",1
"complexes",1
"compli",1
"complies",1
"complying",1
"component",1
"composed",1
"compound",1
"compounding",1
"comprehensively",1
"comprised",1
"comprising",1
"comptroller",1
"computations",1
"computerized",1
"concealment",1
"concern",1
"conditional",1
"conducts",1
"confer",1
"confines",1
"confirming",1
"conflicting",1
"conflicts",1
"congregating",1
"congress",1
"connecting",1
"connects",1
"connotation",1
"consent",1
"conservati",1
"conserving",1
"conspicuously",1
"constituted",1
"constitutes",1
"constructing",1
"constructions",1
"consume",1
"contact",1
"contemplative",1
"contemporary",1
"content",1
"contents",1
"contingent",1
"continues",1
"continuously",1
"contours",1
"contraction",1
"contractor",1
"contribute",1
"conveniently",1
"conventionally",1
"convents",1
"converted",1
"cooperatives",1
"coordinate",1
"coordinates",1
"coping",1
"cork",1
"corri",1
"cosmetics",1
"cosmetologist",1
"cottages",1
"counseling",1
"count",1
"court-garden",1
"coverage-not",1
"craftsperson",1
"creative",1
"creek",1
"creeks",1
"crematories",1
"cross-easements",1
"crosswalks",1
"crown",1
"cruelty",1
"crushed",1
"cts",1
"cu",1
"culinary",1
"cultivates",1
"curbs",1
"currently",1
"cut",1
"cut-off",1
"cyclists",1
"danger",1
"dangers",1
"davis",1
"daylight",1
"deals",1
"dec",1
"decl",1
"declaration",1
"deeds",1
"definable",1
"defines",1
"deleting",1
"deliberations",1
"demonstrable",1
"denomination",1
"dense",1
"densely",1
"denying",1
"dependence",1
"dependent",1
"depicted",1
"depicts",1
"deposited",1
"depositing",1
"depositors",1
"depository",1
"deprive",1
"depths",1
"deputy",1
"derived",1
"descriptive",1
"designing",1
"desirability",1
"desires",1
"desiring",1
"detailing",1
"detectable",1
"deterioration",1
"determines",1
"detoxification",1
"detract",1
"developer's",1
"developing",1
"diagnostics",1
"differs",1
"dig",1
"ding",1
"dipping",1
"direction",1
"directional",1
"directory",1
"dirt",1
"disability",1
"disagreement",1
"disapproved",1
"disassembled",1
"discernibly",1
"discharge",1
"disconnected",1
"discordant",1
"discotheques",1
"discourage",1
"discrete",1
"discs",1
"discussed",1
"disease",1
"dishes",1
"dismantling",1
"disorder",1
"dispenses",1
"dispersing",1
"displaying",1
"disposition",1
"dissemination",1
"dissolvable",1
"distant",1
"distilled",1
"distributed",1
"distributing",1
"district's",1
"disturbing",1
"ditches",1
"divides",1
"divisions",1
"dock",1
"dollars",1
"domination",1
"door-to",1
"dor",1
"doris",1
"dormers",1
"double",1
"downtown's",1
"drab",1
"drafting",1
"drain",1
"drainable",1
"drama",1
"drawn",1
"dreary",1
"drinking",1
"drop-off",1
"drought",1
"drugs",1
"dry-cleaning",1
"drying",1
"duct",1
"dues",1
"e-fam",1
"e-fami",1
"eanor",1
"eari",1
"earing",1
"earliest",1
"earth",1
"easterly",1
"eco-friendly",1
"economic",1
"economy",1
"ect",1
"ecti",1
"eddie",1
"edges",1
"education",1
"eifs",1
"eight-foot",1
"eight-hundred",1
"eighty-five",1
"elapsed",1
"elected",1
"electric",1
"electrical-mechanical",1
"electronically",1
"element",1
"elevators",1
"emission",1
"emphasize",1
"employed",1
"employing",1
"empowers",1
"en",1
"enact",1
"enacted",1
"enactment",1
"enclosing",1
"encompass",1
"encompasses",1
"encouraging",1
"encroach",1
"encroachments",1
"endati",1
"enf",1
"enforce",1
"enforced",1
"engage",1
"enhanced",1
"enhancements",1
"enjoyed",1
"enough",1
"entered",1
"enterprises",1
"entranceway",1
"entries",1
"equity",1
"erection",1
"ermi",1
"erosion",1
"erpret",1
"error",1
"errors",1
"ers",1
"escape",1
"escrow",1
"essentially",1
"est",1
"establi",1
"establishing",1
"estimated",1
"ethical",1
"eubanks",1
"evaluation",1
"evans",1
"evidenced",1
"examining",1
"excavate",1
"excavation",1
"excellent",1
"exchanging",1
"exciting",1
"excretion",1
"execution",1
"executive",1
"exempted",1
"exemption",1
"exhibited",1
"exhibiting",1
"expanses",1
"expansions",1
"expectancy",1
"expectation",1
"expenditures",1
"expire",1
"explanatory",1
"explicit",1
"explosive",1
"explosives",1
"exposed",1
"exposes",1
"expressed",1
"extend",1
"external",1
"extractive",1
"fabricating",1
"fabrics",1
"faces",1
"facil",1
"facilitating",1
"factors",1
"facts",1
"faculty",1
"fairgrounds",1
"fairs",1
"falling",1
"fam",1
"famil",1
"farming",1
"fcc",1
"february",1
"federally",1
"fenestration",1
"fields",1
"fifty-four",1
"figure",1
"fili",1
"fill",1
"finally",1
"finds",1
"fined",1
"fit",1
"five-foot",1
"five-hundred",1
"flagellation",1
"flammable",1
"flashing",1
"flats",1
"flattened",1
"flea",1
"floating",1
"floriculture",1
"flowers",1
"flows",1
"focus",1
"football",1
"foregoing",1
"formation",1
"formats",1
"formed",1
"formulate",1
"formulation",1
"forwarding",1
"fraction",1
"franchise",1
"franchised",1
"fraternity",1
"fred",1
"free-standing",1
"freely",1
"frequency",1
"frequent",1
"fringes",1
"fruits",1
"fulfilled",1
"fulfilling",1
"fully-enclosed",1
"functionally",1
"funds",1
"furtherance",1
"gable",1
"game",1
"gardens",1
"gazebos",1
"gels",1
"generality",1
"generalized",1
"generating",1
"generation",1
"generations",1
"gently",1
"geometric",1
"ght",1
"girls",1
"gives",1
"glassware",1
"glazed",1
"gn",1
"gnat",1
"go-karts",1
"goats",1
"goodwill-type",1
"govern",1
"governors",1
"graduation",1
"grammar",1
"grandeur",1
"granny",1
"graphic",1
"graphics",1
"greenbelt",1
"grid",1
"grizzell",1
"ground-mounted",1
"groundcover",1
"grouped",1
"growing",1
"grown",1
"grows",1
"gu",1
"guidance",1
"guide",1
"guilty",1
"gutter",1
"hairdresser",1
"hairdressers",1
"half",1
"hammer",1
"hand-operated",1
"hard-surfaced",1
"hardscape",1
"hardware",1
"hardy",1
"harmony",1
"hartfield",1
"hartley",1
"harvests",1
"hdrawals",1
"healthy",1
"heari",1
"heated",1
"hedge",1
"hei",1
"heirs",1
"helpful",1
"herbs",1
"hereto",1
"herewith",1
"heritage",1
"hierarchy",1
"high-intensity",1
"highly",1
"hip",1
"hires",1
"hobby",1
"holders",1
"holding",1
"holds",1
"hole",1
"homeless",1
"homeowner",1
"honoring",1
"hoods",1
"hookah",1
"hookahs",1
"horizontally",1
"horticulture",1
"host",1
"hostess",1
"hourly",1
"households",1
"humane",1
"hundred-twenty",1
"hunting",1
"hydraulic",1
"ic",1
"identify",1
"identifying",1
"ied",1
"ill",1
"illumination",1
"immediate",1
"imminent",1
"impair",1
"imperative",1
"implements",1
"imply",1
"impose",1
"imposes",1
"impounding",1
"improper",1
"in-trade",1
"inappropriate",1
"incentives",1
"inch",1
"income",1
"incomes",1
"inconsistent",1
"increasing",1
"indelible",1
"indicates",1
"individually",1
"indust",1
"industrially",1
"infirmities",1
"infliction",1
"influences",1
"ing",1
"ingestion",1
"ings",1
"inharmonious",1
"inhibit",1
"initiate",1
"ink",1
"inner",1
"input",1
"inserting",1
"insofar",1
"inspectors",1
"installations",1
"instance",1
"institutionalization",1
"instructional",1
"instrumental",1
"instruments",1
"insufficient",1
"insulated",1
"integrally",1
"intentionally",1
"interconnect",1
"interconnected",1
"interconnecting",1
"interconnection",1
"intercourse",1
"interests",1
"interfere",1
"interim",1
"internet",1
"interpretations",1
"interruption",1
"inters",1
"intersection",1
"intersections",1
"interstates",1
"intervals",1
"intervening",1
"introduced",1
"introducing",1
"intrusive",1
"inventory",1
"investigations",1
"invests",1
"invite",1
"involvement",1
"ions",1
"irrevocable",1
"irrigated",1
"issue",1
"issuing",1
"itati",1
"iti",1
"itt",1
"ivi",1
"jacks",1
"jean",1
"jewelry",1
"joint",1
"judgment",1
"junked",1
"junkyards",1
"jurisdictions",1
"justify",1
"keep",1
"kelly",1
"key",1
"keyed",1
"ki",1
"kindergartens",1
"kiosks",1
"kitchen",1
"knowledge",1
"labeled",1
"lack",1
"lacking",1
"lanes",1
"large-lot",1
"large-scale",1
"last",1
"laundering",1
"ld",1
"leaf",1
"leasable",1
"leasehold",1
"leases",1
"leather",1
"legalized",1
"legs",1
"lending",1
"lenses",1
"lessee",1
"levels",1
"liability",1
"licensing",1
"lifestyles",1
"lim",1
"limiting",1
"linear",1
"linkages",1
"links",1
"liquid",1
"lite",1
"litigation",1
"litter",1
"livable",1
"loans",1
"locality",1
"locate",1
"locati",1
"lockers",1
"lodge",1
"long-term",1
"look",1
"loose",1
"lost",1
"lot25",1
"lounges",1
"low-impact",1
"low-maintenance",1
"lubricating",1
"luggage",1
"lumber",1
"ly",1
"machine",1
"mailing",1
"mailings",1
"maintaining",1
"maintains",1
"majority",1
"makes",1
"male",1
"man-made",1
"maneuverability",1
"manor",1
"mansard",1
"many",1
"mapping",1
"mark",1
"marked",1
"marketing",1
"marks",1
"martial",1
"mary",1
"masochism",1
"masses",1
"masts",1
"masturbation",1
"maturity",1
"mausoleums",1
"maximums",1
"mdor",1
"meant",1
"measuring",1
"median",1
"mee",1
"melton",1
"mencem",1
"menstruation",1
"mentioned",1
"mid-block",1
"middle",1
"midway",1
"mile",1
"mini",1
"miniature",1
"mining",1
"ministers",1
"mirrored",1
"miss",1
"mix-use",1
"mode",1
"modulation",1
"monasteries",1
"monetary",1
"monitoring",1
"monotonous",1
"monthly",1
"morgan",1
"mortuary",1
"mount",1
"movable",1
"move",1
"much",1
"much-used",1
"mud",1
"mul",1
"multi",1
"multi-building",1
"multi-deck",1
"multi-modal",1
"multi-tenant",1
"multi-use",1
"multiply",1
"muni",1
"municipality",1
"mutcd",1
"mutually",1
"nal",1
"nance",1
"nation",1
"nay",1
"nding",1
"nearer",1
"needle",1
"neighbo",1
"neon",1
"network",1
"ngle",1
"ngs",1
"nical",1
"nielsen",1
"nights",1
"ninety-day",1
"ninety-five",1
"nist",1
"nmu",1
"non-climate",1
"non-commercial",1
"non-conformities",1
"non-convalescent",1
"non-hazardous",1
"non-industrial",1
"non-letter",1
"non-permanent",1
"non-refundable",1
"non-residentially",1
"non-surgical",1
"noncommercial",1
"nonconforming",1
"nonmonetary",1
"nonprescription",1
"nonresidential",1
"noted",1
"notif",1
"novelty",1
"now",1
"nuisances",1
"nurses",1
"o-famil",1
"oaths",1
"objectionable",1
"objective",1
"observing",1
"obstruction",1
"obstructions",1
"obtains",1
"occupational",1
"occurred",1
"occurs",1
"oce-mud",1
"oct-mud",1
"off-premise",1
"off-the",1
"officer",1
"officials",1
"offsets",1
"og",1
"oil",1
"ol",1
"olati",1
"older",1
"om",1
"omissions",1
"on-line",1
"one-third",1
"opened",1
"opening",1
"operable",1
"operates",1
"operations",1
"operative",1
"operators",1
"opposed",1
"orbitally",1
"orcem",1
"ordained",1
"ordering",1
"ordi",1
"ordnance",1
"organized",1
"organizing",1
"originality",1
"ornamental",1
"ornamentation",1
"ort",1
"osteopaths",1
"out-of",1
"out-patients",1
"outbuildings",1
"outer",1
"outpatient",1
"overhanging",1
"overhead",1
"overpass",1
"overwhelming",1
"owing",1
"owns",1
"pace",1
"package",1
"packaging",1
"paging",1
"pain",1
"paintball",1
"painted",1
"paintings",1
"paired",1
"pamela",1
"panel",1
"panels",1
"panes",1
"panic",1
"parents",1
"park-",1
"parkway",1
"part-time",1
"partial",1
"participates",1
"pasturage",1
"pathway",1
"patron",1
"patronizing",1
"pay",1
"payment",1
"payments",1
"pays",1
"peace",1
"peddler",1
"pedest",1
"pedestrian-friendly",1
"pedestrian-scaled",1
"pediments",1
"pen",1
"penalt",1
"penalty",1
"penthouses",1
"percentage",1
"percentages",1
"perennial",1
"perennials",1
"performances",1
"peril",1
"periphery",1
"permi",1
"perpetual",1
"phase",1
"phases",1
"pickup",1
"picnic",1
"picturesque",1
"pigments",1
"pinball",1
"pipe",1
"piping",1
"pit",1
"planners",1
"plate",1
"player",1
"playhouse",1
"pleasant",1
"pledgers",1
"poi",1
"polishing",1
"pone",1
"ponem",1
"porter",1
"porticos",1
"portrait",1
"positioning",1
"possesses",1
"postpone",1
"postponem",1
"potency",1
"powder-coated",1
"power",1
"powered",1
"practicable",1
"practicing",1
"practitioner",1
"practitioners",1
"pre-finished",1
"pre-packaged",1
"pre-planned",1
"pre-school",1
"pre-stressed",1
"precedent",1
"preceding",1
"preclude",1
"predominantly",1
"premier",1
"prepackaged",1
"prepacked",1
"preparations",1
"presbyterian",1
"prescribed",1
"prescription",1
"presentation",1
"presented",1
"pressing",1
"prevail",1
"prevention",1
"prevents",1
"price",1
"prices",1
"pricking",1
"print",1
"printed",1
"printing",1
"privately-owned",1
"privilege",1
"probability",1
"problems",1
"proc",1
"proceedi",1
"processes",1
"procuring",1
"productive",1
"professions",1
"proffered",1
"programmed",1
"prohibition",1
"prominent",1
"prominently",1
"promotion",1
"promotions",1
"promptly",1
"proportions",1
"proposing",1
"proprietor",1
"proprietorship",1
"protecting",1
"protects",1
"protest",1
"proves",1
"provider",1
"provisi",1
"psychological",1
"publ",1
"pubs",1
"puds",1
"pulled",1
"pumping",1
"punctuation",1
"puncturing",1
"punishment",1
"purchasing",1
"putting",1
"qualified",1
"qualify",1
"quantities",1
"quarrying",1
"question",1
"quick",1
"r-rated",1
"racquetball",1
"radical",1
"radios",1
"railroads",1
"ramp",1
"rare",1
"rat",1
"rate",1
"rated",1
"rates",1
"rator",1
"razor",1
"rc",1
"re-notify",1
"re-packaging",1
"re-subdivisions",1
"readily",1
"readings",1
"readjusting",1
"realized",1
"rear-yard",1
"rearrangement",1
"reasons",1
"recede",1
"receptacles",1
"recipient",1
"reciprocal",1
"recitals",1
"reclaimable",1
"recomm",1
"recommending",1
"reconstructed",1
"recorder",1
"recoup",1
"recovered",1
"rector",1
"rectories",1
"recuse",1
"recycled",1
"red",1
"redeemed",1
"redevelop",1
"reducing",1
"reet",1
"ref",1
"reference",1
"references",1
"refers",1
"refined",1
"reflected",1
"refrigeration",1
"refrigerator",1
"refusal",1
"regarded",1
"regards",1
"region",1
"regions",1
"regul",1
"regulat",1
"rehabilitation",1
"reinforces",1
"relationships",1
"relative",1
"relocated",1
"remains",1
"remarking",1
"remedy",1
"remi",1
"reminiscent",1
"remote",1
"removing",1
"remuneration",1
"renaissance",1
"rendering",1
"renderings",1
"rentals",1
"repaired",1
"repetition",1
"replaces",1
"reporting",1
"reports",1
"represent",1
"representations",1
"reprocessed",1
"repurchased",1
"reputable",1
"requi",1
"reserve",1
"resolution",1
"respective",1
"respects",1
"restore",1
"restored",1
"restoring",1
"restrict",1
"restricting",1
"restriction",1
"restriping",1
"restroom",1
"resubmitted",1
"results",1
"retains",1
"retardation",1
"retreats",1
"returns",1
"reverse",1
"revert",1
"reviews",1
"rezoned",1
"rezoningaction",1
"rhoo",1
"rial",1
"ricts",1
"riding",1
"right-angle",1
"rink",1
"rise",1
"river",1
"rivers",1
"robinson",1
"robotic",1
"rodents",1
"rods",1
"roll",1
"roll-your",1
"rolling",1
"round",1
"route",1
"routinely",1
"rows",1
"ruled",1
"ruling",1
"running",1
"russell",1
"rvs",1
"safeguards",1
"salon",1
"salvage",1
"salvaged",1
"samples",1
"sanctuary",1
"sandboxes",1
"sanitation",1
"satisfactory",1
"satisfied",1
"satisfy",1
"saturation",1
"scenic",1
"schedul",1
"scoop",1
"scope",1
"scored",1
"scrap",1
"screens",1
"sculptures",1
"sdem",1
"sealed",1
"season",1
"seat",1
"seats",1
"second-hand",1
"secular",1
"secures",1
"securing",1
"seek",1
"self-care",1
"self-serve",1
"self-storage",1
"self-supporting",1
"seller",1
"senses",1
"separable",1
"sergeant",1
"ses",1
"set-back",1
"seventy",1
"several",1
"shading",1
"shafts",1
"shakes",1
"shanks",1
"shaped",1
"shapes",1
"sharing",1
"shaving",1
"shed",1
"sheep",1
"sheet",1
"shift",1
"shm",1
"shoe",1
"short-distance",1
"shrubbery",1
"shutters",1
"shuttle",1
"side-yard",1
"signalized",1
"signals",1
"significance",1
"siler",1
"simplified",1
"single-use",1
"single4amily",1
"sink",1
"sit",1
"situation",1
"situations",1
"sixteen",1
"sized",1
"skateboard",1
"skilled",1
"skirtings",1
"skyways",1
"sleepy",1
"slide",1
"slightly",1
"sloped",1
"sloping",1
"slot",1
"smith",1
"smokeless",1
"snacks",1
"snuff",1
"soccer",1
"sodomy",1
"software",1
"solar",1
"solicitation",1
"solicitors",1
"solids",1
"solvents",1
"sorority",1
"sort",1
"source",1
"spatial",1
"speaking",1
"specialized",1
"specializes",1
"specie",1
"specifications",1
"specifics",1
"speculative",1
"speedy",1
"spelling",1
"spends",1
"spill",1
"spires",1
"spirits",1
"sponsored",1
"sporting",1
"sprinkler",1
"stability",1
"stadium",1
"stadiums",1
"stage",1
"stages",1
"stainless",1
"stair",1
"stairs",1
"stairwells",1
"stamped",1
"stand-alone",1
"standardized",1
"statements",1
"statues",1
"statute",1
"statutes",1
"stayed",1
"stays",1
"stimulate",1
"stimulation",1
"stl",1
"stl's",1
"stls",1
"stonework",1
"strategies",1
"strategy",1
"strative",1
"strengthening",1
"stricter",1
"stricts",1
"striped",1
"striping",1
"stronger",1
"studies",1
"study",1
"sub-rent",1
"subdistri",1
"subjecting",1
"subm",1
"submissions",1
"subsequently",1
"substance",1
"substandard",1
"substantive",1
"substations",1
"subsurface",1
"successors",1
"sud",1
"suffer",1
"suitably",1
"suites",1
"sum",1
"sundries",1
"sundry",1
"sunroofs",1
"sunset",1
"superior",1
"supersede",1
"supersedes",1
"supervisor",1
"supplement",1
"suppliers",1
"supported",1
"supports",1
"surround",1
"survival",1
"sustain",1
"swim",1
"swings",1
"sworn",1
"symmetrical",1
"synagogues",1
"synthetic",1
"t1",1
"tachm",1
"tailor",1
"tailoring",1
"takes",1
"tall",1
"taller",1
"tap",1
"tasting",1
"tastings",1
"tattooed",1
"taylor",1
"te",1
"tech",1
"technological",1
"technologies",1
"telecommunication",1
"tenants",1
"tend",1
"termi",1
"terminal",1
"terminally",1
"tern",1
"terrain",1
"terrestrially",1
"territory",1
"testimony",1
"testing",1
"textiles",1
"textures",1
"thdraw",1
"theatres",1
"theft",1
"theme",1
"therapy",1
"thirds",1
"thirty-f",1
"thirty-four",1
"thomas",1
"threat",1
"threatens",1
"three-year",1
"ti",1
"timbers",1
"timelessness",1
"ting",1
"tinted",1
"tol",1
"tolerant",1
"topographic",1
"tourism",1
"tourist",1
"towed",1
"tractors",1
"traded",1
"traditio",1
"transactions",1
"transacts",1
"transcribe",1
"transfer",1
"transfers",1
"transmissions",1
"transmits",1
"transmitters",1
"transparent",1
"transporting",1
"travelers",1
"tree-shaded",1
"trends",1
"trespassers",1
"triangles",1
"trim",1
"trimming",1
"trims",1
"trip",1
"tropical",1
"trucking",1
"true",1
"tube",1
"tubes",1
"tune-up",1
"turf",1
"turgid",1
"turned",1
"tvros",1
"tw",1
"twenty-two",1
"twice",1
"twin",1
"two-thousand",1
"typified",1
"ublic",1
"ul",1
"umbrellas",1
"unable",1
"unauthorized",1
"unbuilt",1
"uncertainty",1
"und",1
"underneath",1
"undertaken",1
"undivided",1
"unenclosed",1
"unication",1
"uniformly",1
"university",1
"unlawful",1
"unobstructed",1
"unoccupied",1
"unpaved",1
"unprotected",1
"unreasonably",1
"unsafe",1
"update",1
"upholding",1
"upstairs",1
"urb",1
"urbanist",1
"urbanization",1
"ure",1
"urination",1
"useful",1
"user-supplied",1
"users",1
"utilization",1
"vacating",1
"vaginal",1
"valorem",1
"vandalism",1
"vari",1
"variation",1
"vary",1
"vaults",1
"vegetables",1
"vehi",1
"vehicle-oriented",1
"ventilating",1
"ventilation",1
"venues",1
"verlay",1
"vernon",1
"vested",1
"vice",1
"viewed",1
"vii-a",1
"violate",1
"virtual",1
"visi",1
"visitor",1
"visitors",1
"viticulture",1
"vocal",1
"voids",1
"volatile",1
"volume",1
"volumes",1
"voting",1
"waiting",1
"waiver",1
"walk-up",1
"walled",1
"ward",1
"warranty",1
"wearing",1
"weather",1
"wedding",1
"weddings",1
"week",1
"weekdays",1
"weekends",1
"weekly",1
"weeks",1
"well-designed",1
"well-lighted",1
"well-placed",1
"well-planned",1
"wet",1
"wheeled",1
"whereby",1
"wi",1
"wi-fi",1
"wider",1
"wildlife",1
"wines",1
"wires",1
"withdrawal",1
"withheld",1
"withstand",1
"witnesses",1
"women",1
"wooded",1
"wooden",1
"wording",1
"workmanship",1
"workplaces",1
"workshop",1
"worn",1
"worthy",1
"woven",1
"x-ray",1
"yet",1
"ymca's",1
"ywca's",1
"zation",1
"zero-foot",1
"zero-lot",1
"zoning-related",1
"zoos",1
